title,description,Price,status,videoPath,pdfPath
"Schneider, Lopez and Hall",Book conference network since from. How good go know few every really.,98,inactive,https://www.robinson-padilla.com/,http://www.johnson-collins.com/
Hernandez Inc,None very follow voice school employee themselves. Several will happy. Even simply return issue hundred.,16,active,https://olsen-nicholson.biz/,https://www.crane.com/
"Jimenez, Meza and Taylor",Agency factor father fine hot. Energy somebody deal page cultural occur. Room study particularly lay consider rather.,6,inactive,https://www.edwards.biz/,https://rivera.com/
Hernandez and Sons,Sound live second serve. Detail behavior community serve second close final oil.,16,active,http://morales.net/,https://adams.com/
Reed and Sons,Result commercial art television politics home. Very ok me organization guess usually lot. Woman those general commercial.,81,inactive,https://burns.com/,https://www.lindsey-wood.com/
"Hunt, Daniels and Mercer",Buy stand plan once health. Describe station certainly specific.,78,active,https://ball-moody.net/,https://www.carr.com/
Garrison-Li,Step national foot prove red. Official change smile dog improve.,2,inactive,http://www.lowe-kelley.info/,https://mcgee-miller.com/
"Miller, Smith and Martin",Small almost accept clearly. Treat hope still hotel whatever radio administration. Month majority money once own medical minute.,33,inactive,http://watkins.com/,http://johnson.com/
Terrell-Le,Year star show seem easy. Statement base within national. Him baby case add improve unit wide note.,6,active,http://walker.info/,https://frank.com/
Cox LLC,Continue officer director rule purpose authority may. Someone according gas live.,86,active,http://www.jones-pollard.net/,https://www.horne.com/
Rubio LLC,Eye manage guy candidate those. Start rock clearly difficult.,7,active,http://stafford.com/,http://www.wilson.com/
Bell-Woodward,Win certain age run week democratic officer federal. Great small suffer would station story ground.,96,inactive,http://www.daniel.net/,https://murray.com/
"White, Garcia and Flynn",Poor reveal probably enter TV reveal. Son place later image where. Also why organization pull.,69,inactive,https://www.baker.com/,https://owen-bush.info/
May-Green,Race usually mind cultural.,84,inactive,http://mitchell-durham.com/,https://www.pierce.biz/
Newton-Thomas,Interview prevent similar believe night. Along design doctor authority. Ten final case nor success.,34,active,http://conner.info/,https://decker.com/
Fletcher PLC,Issue short rich recent. Better but happy choose. Protect box bank where side see thing.,12,inactive,http://www.hoffman.com/,https://www.clark-harvey.com/
Cooper-Carrillo,Edge approach short us. Style kind sure purpose become.,61,inactive,https://www.olson.info/,https://velazquez-martin.com/
Shepherd and Sons,Century floor environmental economic against. Claim your dog apply. Account reduce when find.,75,inactive,http://smith-mckinney.com/,http://richards-graham.com/
"Smith, Jones and Powell",Human quickly ball clearly. Together picture air maintain clearly.,91,active,https://hardy.org/,http://www.ross.info/
"Cook, White and Evans",Different give source policy candidate physical stuff. Staff body example network base organization benefit fast.,43,inactive,https://smith-prince.org/,http://www.brooks-brown.com/
Potts-Harris,Perhaps manage model attention book others suggest. Old know difficult to. Instead weight wide material suddenly.,45,inactive,https://www.abbott.info/,https://torres.com/
"Fry, Davis and Mitchell",Miss guess relate ground against street. Next firm run blood wait. Law not arm final second.,63,active,http://brown-miller.net/,https://rivers.com/
Wilson-Gonzalez,Her whole buy bad even. Idea director well fund or sell. Low door story. Daughter participant where speech natural top miss.,44,inactive,https://www.farmer.com/,http://www.flowers.com/
Blackwell-Scott,Stage air develop. Apply stock marriage industry total.,56,inactive,http://www.adams-anderson.biz/,https://www.stone.org/
Kerr-Ortiz,Prove particularly sort at inside sing expert window. Than policy site approach. Chair still food entire. Consumer product hope.,87,inactive,http://collier-mitchell.com/,http://www.fisher.net/
Allen PLC,Rather similar your require. Debate both building look whom growth.,45,active,http://www.ross.biz/,https://atkins.com/
Turner Ltd,List authority speech student only increase. Piece each water happen raise.,61,active,https://moore-powell.com/,http://www.roth.com/
Lee PLC,Hot think me type. Have fish cold. Much decision wall. Or book simply everything many.,10,active,https://www.hamilton-chapman.com/,https://www.casey.biz/
Stone Group,Tax table series health too two where. Data language baby man establish soon. Book industry occur coach.,84,active,http://white-patel.net/,http://serrano.org/
Wells-Moore,Thank realize conference public world you. Us brother say middle force. Sort whatever evidence method.,93,inactive,http://www.ramos.com/,http://www.lopez.com/
"Orozco, Brown and Hahn",Leave unit civil power dream national. Stop many expect support administration.,3,inactive,https://www.hunt.biz/,https://www.nelson-clark.net/
Lynn LLC,You road brother. Health sport tell education job in book.,49,active,https://fitzpatrick.com/,http://smith.com/
"Bell, Williams and Wilson",That difficult anyone over science account tell radio. Toward art any meeting. Begin player sign something red listen.,81,inactive,http://mcfarland.com/,http://www.mcgrath.com/
Gordon-Morris,Make company or foreign executive relationship. Executive be force. Music letter front game night.,96,inactive,https://www.bridges.info/,https://www.lopez-baker.com/
Mccullough Inc,Race western leader learn finish popular. Challenge lawyer large story forward.,0,active,http://leach.org/,http://www.russell-adams.com/
Christensen Ltd,Green news rise. Coach from could mother street already. Toward point administration.,24,inactive,http://www.brown.net/,http://wong.com/
King-Benitez,Beautiful method girl pattern feeling discover front situation. Environment she put above administration this game. Mouth collection perform so face action service.,34,inactive,http://bowen.com/,http://hernandez-gonzalez.com/
Fernandez and Sons,Type theory learn difficult second. Small car phone read possible.,93,active,http://richard.biz/,http://www.thompson.com/
Carr Inc,Smile stock center eat present. Evidence training Mrs discussion fly experience.,13,active,https://fernandez.com/,http://www.hernandez-butler.com/
Jackson LLC,Simple night north parent. Total probably able water.,73,active,http://webster.com/,http://bryan.com/
Swanson Inc,Education foot would look. Stand can court.,47,inactive,http://www.waters.biz/,https://www.walton.com/
Nicholson-White,Heart practice another point born. She often if share talk arrive natural course.,26,inactive,https://coleman.com/,http://www.hall-campbell.com/
Schultz PLC,Reason still culture case analysis true establish.,27,inactive,https://cochran-parker.com/,https://www.wheeler.com/
Ray and Sons,Way ago teacher agency through wife discuss. Deep paper evening development magazine brother per.,0,active,http://harris.com/,http://www.hensley.com/
Silva Ltd,Office medical fear certain investment board top. Authority hospital attorney. Fire southern happen ready.,54,inactive,http://www.zimmerman.com/,https://garcia.com/
Fox Group,Surface Mr five cost. Bring simply difference degree.,18,inactive,https://www.castaneda-waters.com/,http://www.silva.com/
Elliott Group,Party performance participant start happy. Hold treat modern that would she especially maybe. When discussion seem program factor career factor.,91,inactive,https://lopez.org/,http://www.martinez-hicks.com/
Miller Inc,Sea more training often myself. Mention water expert chance mouth.,36,active,http://santana.org/,http://yates.com/
Klein-Clarke,Fall strategy child window court chair purpose. Include American exist offer away.,80,inactive,https://www.walton.com/,https://white-peterson.net/
Jacobs-Warren,Wide test team those agency somebody relationship. Scientist respond style strategy kind fire. Play easy game computer.,39,active,https://chan-jones.net/,http://www.rogers-thomas.com/
Pena PLC,For read grow fly. Big company buy yard. Easy bank kitchen firm keep food across tonight.,52,active,http://murphy-smith.info/,https://www.robbins-diaz.com/
Garner Inc,Foot dinner nothing might report. Specific realize candidate plan leg have forward.,50,inactive,https://perez.net/,https://www.brown.com/
Herman-Lang,Brother teach could focus about. In nature computer country effect democratic court.,77,active,https://www.miller.com/,https://www.medina.com/
"Moreno, Freeman and Ward",These issue art. Growth region song.,73,inactive,https://www.gallegos.com/,https://www.wilkerson.org/
"Aguirre, Hutchinson and Ross",Positive woman least couple. Use officer thousand senior any. Detail no space figure decide.,53,active,https://www.cline-wiley.biz/,https://johnson-pierce.biz/
Sherman Inc,Place no check education sort. Another manager TV policy exactly.,47,inactive,https://wheeler-jones.biz/,https://www.wallace.net/
Clark Ltd,Than course firm. Professor book black suddenly. Employee appear area consumer west Mrs. Somebody life art I put each less society.,86,active,https://www.brock-hoffman.com/,https://stewart.info/
"Sloan, Gallagher and Smith",Whom call table age stage travel politics.,22,inactive,https://www.terry-rodriguez.net/,http://www.martinez-graham.com/
Wilkinson LLC,Practice paper already various woman entire fund. Stand condition loss central town.,61,inactive,http://www.davila.com/,http://wood.com/
Sanchez Ltd,Language ago born program support back. Commercial red her bit learn. Policy worry baby man.,13,inactive,https://johnson.com/,https://eaton.com/
"Foster, Young and Price",Road including next day once stage beyond subject. Later south amount mouth family mean raise oil. Deep industry mother detail mention receive their.,83,inactive,https://www.adams.com/,https://www.martin.org/
Lane-Ward,Term opportunity participant feeling stock government. Floor avoid kind woman professional. Kind stage question agree. Mother site thousand try star high money service.,14,active,https://www.briggs.com/,https://stewart.com/
Miller Ltd,Before beyond bank two establish. Deal church need. Front wait vote city behind this any.,78,inactive,http://www.bass.com/,https://coleman.com/
"Williams, Garcia and Graham",Realize left ground group. Enjoy economy adult star fund present data lose. Two option good yeah.,89,inactive,http://snyder.biz/,http://www.baker.com/
Morris and Sons,Recent toward authority. Where give never friend. Treatment world lawyer rate.,77,active,https://www.gould.org/,http://gardner.info/
Taylor-Galvan,Ahead feeling level support. Control brother dream.,31,active,http://www.stevens.com/,https://www.stone.com/
Werner Inc,Organization moment tonight.,61,inactive,http://www.davis.net/,http://www.horton-waller.com/
"Bishop, Moore and Carpenter",Law standard action political carry positive. Agree place just table five.,45,inactive,https://everett.com/,https://www.conrad.net/
"King, Sweeney and Wilson",Live score century painting reach. Work plan computer lawyer bank name sport. Generation TV big figure section money.,74,inactive,https://www.perkins.com/,https://www.sloan.com/
Johnson-Rodriguez,Buy claim side statement lot system truth. Finally real minute whether. Name until daughter small.,26,active,https://mcdowell.com/,https://williams.net/
York-Rhodes,Commercial generation baby although weight value mind. Coach nice everything medical.,68,active,http://www.jones-king.com/,http://jones.com/
Robbins-Bond,Even indeed gas successful agree support four ready. Exactly decade benefit scene.,55,inactive,https://daniels-barrett.com/,https://www.graves.org/
Graham-Bennett,Kid else another each opportunity management major. Tax fine program inside become society.,93,inactive,http://higgins-payne.com/,https://dunn-carr.biz/
Brooks Ltd,Claim local his identify call rather. Personal environment clearly boy hot should.,81,active,https://www.gross.org/,http://williams.org/
Price and Sons,Brother class into opportunity prove century technology. Single difficult security entire nature baby fill production. Get class hospital trip three.,94,active,https://www.martin-daniels.com/,http://thompson.org/
Ramirez-Wilson,Degree investment boy hundred during girl.,0,active,https://www.thompson.com/,http://rodriguez.net/
Morales Group,Exactly establish resource your guy environmental employee. Level consumer kitchen much actually truth your. Indicate available condition. Recognize nor these only discussion building sign.,20,inactive,http://www.phillips.com/,https://www.keller.net/
"Meyer, Carpenter and Delgado",Lose long surface trip want. Receive drive record vote.,65,inactive,https://www.james-holder.com/,http://rubio.com/
"Barnes, Henry and Sharp",But agency value career where product investment. Sound experience remain red walk. Result good book kid section all fine. Stop character million certain sort.,71,active,http://www.snyder.com/,https://martinez.com/
Jimenez-Stephens,Left professor event everyone. Eat reach must find our agent cut.,31,inactive,https://jackson.com/,http://johnson.com/
Nelson-Russell,Although military fish develop perhaps. Point actually federal event eat pattern.,23,active,https://www.gonzales-oneal.com/,https://rogers.com/
Hanna Group,Role official manage break I book. Line such Congress apply occur institution. Relationship wait Mr his example company. Building main those event situation moment anyone.,54,inactive,https://gomez.info/,https://ruiz.info/
Franco-Bennett,Season might minute you campaign ahead friend. Little last course those find perform. Century career mind peace threat business lose.,27,active,https://www.johnson.com/,https://mitchell.biz/
"Dominguez, Humphrey and Jennings",Will of soldier final figure. Friend painting process gas bit Democrat. Yes quickly part individual run year and. Explain much hair cell.,14,inactive,http://www.smith.biz/,https://www.alvarez-clark.info/
"Walker, Walker and Morris",Discover her position beat environmental. Safe painting but talk speak let.,7,active,http://www.simpson.com/,http://www.gutierrez.net/
Jones-Oliver,Political before than ten. Structure minute including almost personal else discover.,50,inactive,http://www.petty.org/,https://rivera-chen.com/
Camacho Inc,Authority paper study training. Source difference state answer show. Game population important public four south.,1,active,https://smith.com/,http://www.mooney-harvey.com/
Fox-Wilson,Her fish its mother. She opportunity drop determine. Ahead third military good.,67,active,http://www.sanchez-cox.com/,http://turner-stevenson.com/
Bennett PLC,Edge ball rise year box. Evening at million main. Ground that behind avoid before around operation.,99,active,https://www.harrington.com/,https://www.ramirez-fernandez.com/
Fitzgerald PLC,Central compare church put. Face most relationship site education early itself rise. Everything quite term brother open. Church than dog also road yeah future.,97,active,http://butler.net/,https://www.white-ortiz.com/
Daniels-Gardner,Yard degree quickly that real. Power knowledge movement any cultural trouble lawyer majority.,49,inactive,https://daugherty-wilson.com/,https://www.mitchell-jones.com/
"Bender, Hanson and Huynh",Thousand former sense main. Finish one debate adult nothing trial glass. Identify table notice.,55,inactive,http://www.taylor.com/,http://chambers.net/
Peterson Inc,Themselves memory water see. Standard there grow city one three. Throw hair service now see threat discuss.,49,active,https://martin.com/,https://www.johnson-watts.org/
"Morgan, Strong and Graves",Body whatever now life walk avoid. Back bill above hard point partner.,18,active,http://nelson-nelson.com/,http://www.winters-robinson.org/
Alexander Ltd,Environment stop after can. Our seat send beautiful.,19,inactive,http://www.li-andrade.com/,http://ellis.com/
Estes-Carroll,Beautiful step claim money.,52,active,https://hayes.biz/,https://www.thompson-perez.com/
"Robbins, Mccarty and Cook",Particularly six include factor. Land school mind rock sign call table region. He star happy rate.,97,active,https://www.bentley.com/,https://noble.com/
"Lopez, Larsen and Williams",Place first quickly they traditional fly. Contain reflect its increase take view.,85,inactive,http://www.herrera.com/,http://www.stewart.org/
Hood LLC,Stock network would. Group former head learn. Accept share ok and consider perform computer.,67,inactive,https://www.wright.org/,http://davidson-thomas.org/
"Underwood, Cole and Thompson",Standard apply he organization. Stand difficult successful for sit possible will financial. Perhaps benefit animal probably.,57,inactive,https://www.lee.com/,https://lewis.org/
